candidate_id,family,feature_set,fold,train_end,validation_end,train_rows,validation_rows,validation_positives,fit_seconds,threshold,accuracy,precision,recall,f1,roc_auc,pr_auc,brier
existing_random_forest,random_forest,existing,1,2016-11-12 10:00:25,2016-11-19 13:31:17,15518,3072,42,4.068365099999937,0.32999999999999985,0.9931640625,0.7692307692307693,0.7142857142857143,0.7407407407407407,0.9967153858242968,0.7655507436390627,0.005742281615793217
existing_random_forest,random_forest,existing,2,2016-11-19 13:31:17,2016-11-27 09:02:19,18616,2955,52,5.566814799996791,0.20999999999999996,0.9905245346869712,0.74,0.7115384615384616,0.7254901960784313,0.9888179337025358,0.7376011902286215,0.008884308696466293
existing_random_forest,random_forest,existing,3,2016-11-27 09:02:19,2016-12-08 12:25:24,21593,3676,89,6.103696999998647,0.2599999999999999,0.985854189336235,0.6989247311827957,0.7303370786516854,0.7142857142857143,0.9929552096678705,0.7894736377961277,0.011018375030132288
rf_default_selected_features,random_forest,dynamics_history,1,2016-11-12 10:00:25,2016-11-19 13:31:17,15518,3072,42,6.787331100000301,0.4199999999999998,0.9938151041666666,0.7804878048780488,0.7619047619047619,0.7710843373493976,0.9964953638220966,0.7823952874717985,0.005332572042978209
rf_default_selected_features,random_forest,dynamics_history,2,2016-11-19 13:31:17,2016-11-27 09:02:19,18616,2955,52,8.298697499994887,0.3599999999999999,0.9908629441624366,0.8205128205128205,0.6153846153846154,0.7032967032967034,0.982216672407854,0.7397195127742229,0.008347891747491273
rf_default_selected_features,random_forest,dynamics_history,3,2016-11-27 09:02:19,2016-12-08 12:25:24,21593,3676,89,10.399689700003364,0.18999999999999995,0.9836779107725789,0.6218487394957983,0.8314606741573034,0.7115384615384616,0.9921705409359015,0.7882706007959921,0.010681769956133286
rf_none_leaf1_depthnone,random_forest,dynamics_history,1,2016-11-12 10:00:25,2016-11-19 13:31:17,15518,3072,42,7.81945719999203,0.34999999999999987,0.9938151041666666,0.7446808510638298,0.8333333333333334,0.7865168539325843,0.9963696369636964,0.766184726806583,0.005318549479166667
rf_none_leaf1_depthnone,random_forest,dynamics_history,2,2016-11-19 13:31:17,2016-11-27 09:02:19,18616,2955,52,11.380746900002123,0.33999999999999986,0.9905245346869712,0.7857142857142857,0.6346153846153846,0.7021276595744681,0.9823292880044516,0.7544861680332914,0.008131614213197969
rf_none_leaf1_depthnone,random_forest,dynamics_history,3,2016-11-27 09:02:19,2016-12-08 12:25:24,21593,3676,89,13.231447099999059,0.29999999999999993,0.985854189336235,0.7283950617283951,0.6629213483146067,0.6941176470588235,0.9919387425879346,0.7836632307954136,0.010565057671381937
rf_none_leaf1_depth12,random_forest,dynamics_history,1,2016-11-12 10:00:25,2016-11-19 13:31:17,15518,3072,42,9.00822750000225,0.3599999999999999,0.9938151041666666,0.7446808510638298,0.8333333333333334,0.7865168539325843,0.9964521452145214,0.7705840548551872,0.005322717143044441
rf_none_leaf1_depth12,random_forest,dynamics_history,2,2016-11-19 13:31:17,2016-11-27 09:02:19,18616,2955,52,8.375152499997057,0.3699999999999999,0.9912013536379018,0.825,0.6346153846153846,0.717391304347826,0.9790965579374122,0.749414698857643,0.008166079810903231
rf_none_leaf1_depth12,random_forest,dynamics_history,3,2016-11-27 09:02:19,2016-12-08 12:25:24,21593,3676,89,11.68505990000267,0.18999999999999995,0.9823177366702938,0.5952380952380952,0.8426966292134831,0.6976744186046512,0.9913514156927482,0.7806350191271734,0.01067891914852865
rf_none_leaf2_depthnone,random_forest,dynamics_history,1,2016-11-12 10:00:25,2016-11-19 13:31:17,15518,3072,42,6.795888799999375,0.4199999999999998,0.9938151041666666,0.7804878048780488,0.7619047619047619,0.7710843373493976,0.9964796479647966,0.7747086736538421,0.005333788210250525
rf_none_leaf2_depthnone,random_forest,dynamics_history,2,2016-11-19 13:31:17,2016-11-27 09:02:19,18616,2955,52,8.565862799994648,0.3799999999999999,0.9905245346869712,0.8157894736842105,0.5961538461538461,0.6888888888888889,0.9821669890564138,0.744977373673601,0.008346103008819609
rf_none_leaf2_depthnone,random_forest,dynamics_history,3,2016-11-27 09:02:19,2016-12-08 12:25:24,21593,3676,89,10.578839800000424,0.18999999999999995,0.9836779107725789,0.6239316239316239,0.8202247191011236,0.7087378640776699,0.9924383620001065,0.7903800473352675,0.01064359740747018
rf_none_leaf2_depth12,random_forest,dynamics_history,1,2016-11-12 10:00:25,2016-11-19 13:31:17,15518,3072,42,9.321738800004823,0.4099999999999998,0.9938151041666666,0.7804878048780488,0.7619047619047619,0.7710843373493976,0.9964796479647966,0.7733051307834679,0.005341575607602189
rf_none_leaf2_depth12,random_forest,dynamics_history,2,2016-11-19 13:31:17,2016-11-27 09:02:19,18616,2955,52,9.109349599995767,0.3599999999999999,0.9905245346869712,0.8,0.6153846153846154,0.6956521739130435,0.9821636768329846,0.7441731641477671,0.00838251625415913
rf_none_leaf2_depth12,random_forest,dynamics_history,3,2016-11-27 09:02:19,2016-12-08 12:25:24,21593,3676,89,11.340861699995003,0.18999999999999995,0.983949945593036,0.6293103448275862,0.8202247191011236,0.7121951219512195,0.9921815043712783,0.7898147567809479,0.01066848783825809
rf_none_leaf4_depthnone,random_forest,dynamics_history,1,2016-11-12 10:00:25,2016-11-19 13:31:17,15518,3072,42,7.148301100009121,0.29999999999999993,0.9921875,0.6730769230769231,0.8333333333333334,0.7446808510638298,0.9962281942479961,0.7650782038400509,0.0055747490524533485
rf_none_leaf4_depthnone,random_forest,dynamics_history,2,2016-11-19 13:31:17,2016-11-27 09:02:19,18616,2955,52,9.481030299997656,0.34999999999999987,0.9905245346869712,0.8,0.6153846153846154,0.6956521739130435,0.9890862238003126,0.7484492419667952,0.008404548162515981
rf_none_leaf4_depthnone,random_forest,dynamics_history,3,2016-11-27 09:02:19,2016-12-08 12:25:24,21593,3676,89,13.801594699994894,0.2599999999999999,0.986126224156692,0.7159090909090909,0.7078651685393258,0.711864406779661,0.9919559708435267,0.7831128824797393,0.010842892200316895
rf_none_leaf4_depth12,random_forest,dynamics_history,1,2016-11-12 10:00:25,2016-11-19 13:31:17,15518,3072,42,7.643184500004281,0.3799999999999999,0.9931640625,0.7560975609756098,0.7380952380952381,0.7469879518072289,0.9961889046047462,0.7656837203764737,0.005581794773591465
rf_none_leaf4_depth12,random_forest,dynamics_history,2,2016-11-19 13:31:17,2016-11-27 09:02:19,18616,2955,52,9.456526299996767,0.34999999999999987,0.9905245346869712,0.8,0.6153846153846154,0.6956521739130435,0.9890431648957312,0.747826167802199,0.008425359382591362
rf_none_leaf4_depth12,random_forest,dynamics_history,3,2016-11-27 09:02:19,2016-12-08 12:25:24,21593,3676,89,11.556545899991761,0.2599999999999999,0.9863982589771491,0.7241379310344828,0.7078651685393258,0.7159090909090909,0.9920937968882638,0.786419952512827,0.010818420304571943
rf_balanced_leaf1_depthnone,random_forest,dynamics_history,1,2016-11-12 10:00:25,2016-11-19 13:31:17,15518,3072,42,4.066126100005931,0.3599999999999999,0.9928385416666666,0.7,0.8333333333333334,0.7608695652173914,0.9963382052490963,0.7178032601726626,0.005762701822916667
rf_balanced_leaf1_depthnone,random_forest,dynamics_history,2,2016-11-19 13:31:17,2016-11-27 09:02:19,18616,2955,52,5.277761499994085,0.33999999999999986,0.9905245346869712,0.75,0.6923076923076923,0.72,0.9843961154243621,0.7865105010684217,0.007442214551607446
rf_balanced_leaf1_depthnone,random_forest,dynamics_history,3,2016-11-27 09:02:19,2016-12-08 12:25:24,21593,3676,89,6.194166699991911,0.3699999999999999,0.984766050054407,0.6542056074766355,0.7865168539325843,0.7142857142857143,0.9935722944590797,0.7855689045377208,0.009936954298150164
rf_balanced_leaf1_depth12,random_forest,dynamics_history,1,2016-11-12 10:00:25,2016-11-19 13:31:17,15518,3072,42,4.193279899991467,0.6199999999999998,0.9915364583333334,0.6904761904761905,0.6904761904761905,0.6904761904761905,0.9949237780920949,0.6226655408430757,0.007805039599555319
rf_balanced_leaf1_depth12,random_forest,dynamics_history,2,2016-11-19 13:31:17,2016-11-27 09:02:19,18616,2955,52,4.907572900003288,0.5299999999999998,0.9905245346869712,0.74,0.7115384615384616,0.7254901960784313,0.983664114046477,0.7638933317744716,0.007938189060008736
rf_balanced_leaf1_depth12,random_forest,dynamics_history,3,2016-11-27 09:02:19,2016-12-08 12:25:24,21593,3676,89,6.109638399997493,0.5299999999999998,0.9820457018498367,0.5891472868217055,0.8539325842696629,0.6972477064220184,0.9924383620001065,0.7394669848218263,0.013171103385835839
rf_balanced_leaf2_depthnone,random_forest,dynamics_history,1,2016-11-12 10:00:25,2016-11-19 13:31:17,15518,3072,42,3.985053099997458,0.5299999999999998,0.9931640625,0.723404255319149,0.8095238095238095,0.7640449438202247,0.9963696369636964,0.720581171099572,0.006157236484132821
rf_balanced_leaf2_depthnone,random_forest,dynamics_history,2,2016-11-19 13:31:17,2016-11-27 09:02:19,18616,2955,52,4.948747899994487,0.4199999999999998,0.990186125211506,0.7254901960784313,0.7115384615384616,0.7184466019417476,0.9841178886562972,0.797823824832158,0.00729957066813033
rf_balanced_leaf2_depthnone,random_forest,dynamics_history,3,2016-11-27 09:02:19,2016-12-08 12:25:24,21593,3676,89,6.030349599997862,0.5199999999999998,0.985310119695321,0.6699029126213593,0.7752808988764045,0.71875,0.9934939842063882,0.7817460855066957,0.010476673972116707
rf_balanced_leaf2_depth12,random_forest,dynamics_history,1,2016-11-12 10:00:25,2016-11-19 13:31:17,15518,3072,42,4.0110876000107965,0.5999999999999998,0.9921875,0.6875,0.7857142857142857,0.7333333333333333,0.9958274398868459,0.672740680882026,0.0074341085700406805
rf_balanced_leaf2_depth12,random_forest,dynamics_history,2,2016-11-19 13:31:17,2016-11-27 09:02:19,18616,2955,52,4.9397031999978935,0.5899999999999997,0.9908629441624366,0.7777777777777778,0.6730769230769231,0.7216494845360825,0.9836608018230478,0.7811425150086598,0.007876667455611433
rf_balanced_leaf2_depth12,random_forest,dynamics_history,3,2016-11-27 09:02:19,2016-12-08 12:25:24,21593,3676,89,5.939787499999511,0.6399999999999997,0.983949945593036,0.6363636363636364,0.7865168539325843,0.7035175879396985,0.9928267808534564,0.7502746469617382,0.012843643874336284
rf_balanced_leaf4_depthnone,random_forest,dynamics_history,1,2016-11-12 10:00:25,2016-11-19 13:31:17,15518,3072,42,3.9650731000001542,0.7099999999999996,0.9931640625,0.7333333333333333,0.7857142857142857,0.7586206896551724,0.9962674838912463,0.718322981900673,0.008311068553929697
rf_balanced_leaf4_depthnone,random_forest,dynamics_history,2,2016-11-19 13:31:17,2016-11-27 09:02:19,18616,2955,52,4.9641963000030955,0.5299999999999998,0.9895093062605753,0.6909090909090909,0.7307692307692307,0.7102803738317757,0.9834951906515805,0.801399060691316,0.00820921771517744
rf_balanced_leaf4_depthnone,random_forest,dynamics_history,3,2016-11-27 09:02:19,2016-12-08 12:25:24,21593,3676,89,6.09556459999294,0.6299999999999997,0.984221980413493,0.6422018348623854,0.7865168539325843,0.7070707070707071,0.9929802689487319,0.7685619507623114,0.01323141015287509
rf_balanced_leaf4_depth12,random_forest,dynamics_history,1,2016-11-12 10:00:25,2016-11-19 13:31:17,15518,3072,42,4.841686100000516,0.7499999999999997,0.9928385416666666,0.7272727272727273,0.7619047619047619,0.7441860465116279,0.996063177746346,0.7169170790885772,0.008797748693405938
rf_balanced_leaf4_depth12,random_forest,dynamics_history,2,2016-11-19 13:31:17,2016-11-27 09:02:19,18616,2955,52,5.461288899998181,0.48999999999999977,0.9884940778341793,0.640625,0.7884615384615384,0.7068965517241379,0.9832865205755319,0.7945704198845214,0.008590545488802696
rf_balanced_leaf4_depth12,random_forest,dynamics_history,3,2016-11-27 09:02:19,2016-12-08 12:25:24,21593,3676,89,6.232811299996683,0.7499999999999997,0.985038084874864,0.67,0.7528089887640449,0.708994708994709,0.9928236484433488,0.7542265061748897,0.014368614393640282
rf_balanced_subsample_leaf1_depthnone,random_forest,dynamics_history,1,2016-11-12 10:00:25,2016-11-19 13:31:17,15518,3072,42,5.449252799997339,0.22999999999999995,0.9934895833333334,0.7391304347826086,0.8095238095238095,0.7727272727272727,0.9966760961810467,0.7401303785757517,0.0060396458333333335
rf_balanced_subsample_leaf1_depthnone,random_forest,dynamics_history,2,2016-11-19 13:31:17,2016-11-27 09:02:19,18616,2955,52,6.496409200000926,0.15999999999999998,0.990186125211506,0.7254901960784313,0.7115384615384616,0.7184466019417476,0.9845054187975304,0.7759643244718469,0.008990165820642977
rf_balanced_subsample_leaf1_depthnone,random_forest,dynamics_history,3,2016-11-27 09:02:19,2016-12-08 12:25:24,21593,3676,89,8.043611399989459,0.2599999999999999,0.9863982589771491,0.7191011235955056,0.7191011235955056,0.7191011235955056,0.9934000119031584,0.7813391657582303,0.011005726877040262
rf_balanced_subsample_leaf1_depth12,random_forest,dynamics_history,1,2016-11-12 10:00:25,2016-11-19 13:31:17,15518,3072,42,5.086588300007861,0.5399999999999998,0.9912109375,0.6744186046511628,0.6904761904761905,0.6823529411764706,0.9948687725915448,0.6607460279445961,0.007059187521752587
rf_balanced_subsample_leaf1_depth12,random_forest,dynamics_history,2,2016-11-19 13:31:17,2016-11-27 09:02:19,18616,2955,52,6.484899799994309,0.29999999999999993,0.988155668358714,0.6268656716417911,0.8076923076923077,0.7058823529411765,0.9830016693606084,0.7494620568291397,0.00788091115082428
rf_balanced_subsample_leaf1_depth12,random_forest,dynamics_history,3,2016-11-27 09:02:19,2016-12-08 12:25:24,21593,3676,89,8.185888099993463,0.5699999999999997,0.983949945593036,0.6442307692307693,0.7528089887640449,0.694300518134715,0.992488480561829,0.7361661584769051,0.011746412830252347
rf_balanced_subsample_leaf2_depthnone,random_forest,dynamics_history,1,2016-11-12 10:00:25,2016-11-19 13:31:17,15518,3072,42,5.559021399996709,0.3199999999999999,0.9938151041666666,0.7446808510638298,0.8333333333333334,0.7865168539325843,0.9966996699669967,0.7192768534275678,0.005534367650431125
rf_balanced_subsample_leaf2_depthnone,random_forest,dynamics_history,2,2016-11-19 13:31:17,2016-11-27 09:02:19,18616,2955,52,6.465503800005536,0.23999999999999994,0.9908629441624366,0.7551020408163265,0.7115384615384616,0.7326732673267327,0.9845054187975305,0.794480486895498,0.0077790511441134585
rf_balanced_subsample_leaf2_depthnone,random_forest,dynamics_history,3,2016-11-27 09:02:19,2016-12-08 12:25:24,21593,3676,89,7.921982900006697,0.30999999999999994,0.985038084874864,0.6634615384615384,0.7752808988764045,0.7150259067357513,0.9934626601053116,0.7835086881046195,0.01008551375273922
rf_balanced_subsample_leaf2_depth12,random_forest,dynamics_history,1,2016-11-12 10:00:25,2016-11-19 13:31:17,15518,3072,42,5.95275589999801,0.4099999999999998,0.9905598958333334,0.6140350877192983,0.8333333333333334,0.7070707070707071,0.9956859971711457,0.6919495346220862,0.0065532877981007405
rf_balanced_subsample_leaf2_depth12,random_forest,dynamics_history,2,2016-11-19 13:31:17,2016-11-27 09:02:19,18616,2955,52,7.685417300002882,0.45999999999999985,0.9905245346869712,0.75,0.6923076923076923,0.72,0.9838628474522377,0.7677308472624019,0.007518716484836068
rf_balanced_subsample_leaf2_depth12,random_forest,dynamics_history,3,2016-11-27 09:02:19,2016-12-08 12:25:24,21593,3676,89,9.319868300008238,0.5299999999999998,0.9836779107725789,0.6355140186915887,0.7640449438202247,0.6938775510204082,0.9925511287639822,0.7442321434529005,0.01147322609086418
rf_balanced_subsample_leaf4_depthnone,random_forest,dynamics_history,1,2016-11-12 10:00:25,2016-11-19 13:31:17,15518,3072,42,6.454793000011705,0.45999999999999985,0.9928385416666666,0.6923076923076923,0.8571428571428571,0.7659574468085106,0.9966996699669968,0.741143444877207,0.005838091188100907
rf_balanced_subsample_leaf4_depthnone,random_forest,dynamics_history,2,2016-11-19 13:31:17,2016-11-27 09:02:19,18616,2955,52,7.507084299999406,0.33999999999999986,0.9905245346869712,0.7307692307692307,0.7307692307692307,0.7307692307692307,0.9838462863350912,0.7895906811295448,0.0072453267872028
rf_balanced_subsample_leaf4_depthnone,random_forest,dynamics_history,3,2016-11-27 09:02:19,2016-12-08 12:25:24,21593,3676,89,9.350646799997776,0.45999999999999985,0.985038084874864,0.660377358490566,0.7865168539325843,0.717948717948718,0.9934908517962806,0.7871818022941945,0.010133806227159042
rf_balanced_subsample_leaf4_depth12,random_forest,dynamics_history,1,2016-11-12 10:00:25,2016-11-19 13:31:17,15518,3072,42,5.882311499997741,0.6099999999999998,0.9931640625,0.7560975609756098,0.7380952380952381,0.7469879518072289,0.9962439101052962,0.7416948040907572,0.0066484666202318845
rf_balanced_subsample_leaf4_depth12,random_forest,dynamics_history,2,2016-11-19 13:31:17,2016-11-27 09:02:19,18616,2955,52,7.397666099990602,0.45999999999999985,0.9908629441624366,0.7659574468085106,0.6923076923076923,0.7272727272727273,0.9836541773761891,0.785422421810618,0.007315510032431713
rf_balanced_subsample_leaf4_depth12,random_forest,dynamics_history,3,2016-11-27 09:02:19,2016-12-08 12:25:24,21593,3676,89,10.69680670001253,0.46999999999999986,0.9834058759521219,0.6147540983606558,0.8426966292134831,0.7109004739336493,0.9931306246338996,0.7654874333862565,0.011156482205702293
rf_positive_2_leaf1_depthnone,random_forest,dynamics_history,1,2016-11-12 10:00:25,2016-11-19 13:31:17,15518,3072,42,9.061782699995092,0.44999999999999984,0.9951171875,0.813953488372093,0.8333333333333334,0.8235294117647058,0.9966564513594216,0.7500866967501373,0.005322716145833333
rf_positive_2_leaf1_depthnone,random_forest,dynamics_history,2,2016-11-19 13:31:17,2016-11-27 09:02:19,18616,2955,52,11.159358200005954,0.3799999999999999,0.990186125211506,0.7674418604651163,0.6346153846153846,0.6947368421052632,0.9828194970719946,0.7606986591416164,0.007976462944162436
rf_positive_2_leaf1_depthnone,random_forest,dynamics_history,3,2016-11-27 09:02:19,2016-12-08 12:25:24,21593,3676,89,14.143570000000182,0.3799999999999999,0.9866702937976061,0.75,0.6741573033707865,0.7100591715976331,0.9922159608824626,0.7803375246318826,0.010236681175190424
rf_positive_2_leaf1_depth12,random_forest,dynamics_history,1,2016-11-12 10:00:25,2016-11-19 13:31:17,15518,3072,42,8.317309899997781,0.43999999999999984,0.9951171875,0.813953488372093,0.8333333333333334,0.8235294117647058,0.9966525223950967,0.7631760259264188,0.0053402235408416335
rf_positive_2_leaf1_depth12,random_forest,dynamics_history,2,2016-11-19 13:31:17,2016-11-27 09:02:19,18616,2955,52,10.672865800006548,0.4099999999999998,0.9908629441624366,0.8205128205128205,0.6153846153846154,0.7032967032967034,0.9821471157158377,0.7588926003028188,0.007992516503007679
rf_positive_2_leaf1_depth12,random_forest,dynamics_history,3,2016-11-27 09:02:19,2016-12-08 12:25:24,21593,3676,89,13.445778700013761,0.2799999999999999,0.9836779107725789,0.6306306306306306,0.7865168539325843,0.7,0.9920499431467565,0.781419916973698,0.010228610523717093
rf_positive_2_leaf2_depthnone,random_forest,dynamics_history,1,2016-11-12 10:00:25,2016-11-19 13:31:17,15518,3072,42,7.0384860999911325,0.4299999999999998,0.9947916666666666,0.7954545454545454,0.8333333333333334,0.813953488372093,0.9966446644664467,0.7689175641579314,0.00534595319092538
rf_positive_2_leaf2_depthnone,random_forest,dynamics_history,2,2016-11-19 13:31:17,2016-11-27 09:02:19,18616,2955,52,8.56905839999672,0.44999999999999984,0.9905245346869712,0.8333333333333334,0.5769230769230769,0.6818181818181818,0.9901693208617081,0.7556653695728147,0.008036738175602548
rf_positive_2_leaf2_depthnone,random_forest,dynamics_history,3,2016-11-27 09:02:19,2016-12-08 12:25:24,21593,3676,89,10.744587799999863,0.2599999999999999,0.983949945593036,0.6293103448275862,0.8202247191011236,0.7121951219512195,0.9922598146239698,0.7796845733566806,0.010245987774945736
rf_positive_2_leaf2_depth12,random_forest,dynamics_history,1,2016-11-12 10:00:25,2016-11-19 13:31:17,15518,3072,42,6.849097400001483,0.43999999999999984,0.9944661458333334,0.7906976744186046,0.8095238095238095,0.8,0.9966289486091466,0.7648597741669634,0.0053583426254743575
rf_positive_2_leaf2_depth12,random_forest,dynamics_history,2,2016-11-19 13:31:17,2016-11-27 09:02:19,18616,2955,52,8.69033959999797,0.44999999999999984,0.9908629441624366,0.8571428571428571,0.5769230769230769,0.6896551724137931,0.9898347862953443,0.7510863755412214,0.008050015526105467
rf_positive_2_leaf2_depth12,random_forest,dynamics_history,3,2016-11-27 09:02:19,2016-12-08 12:25:24,21593,3676,89,13.465657499997178,0.3999999999999998,0.9869423286180631,0.7662337662337663,0.6629213483146067,0.7108433734939759,0.9923349924665537,0.7794589863169222,0.010253696745215316
rf_positive_2_leaf4_depthnone,random_forest,dynamics_history,1,2016-11-12 10:00:25,2016-11-19 13:31:17,15518,3072,42,8.04658219999692,0.44999999999999984,0.9934895833333334,0.75,0.7857142857142857,0.7674418604651163,0.9962439101052962,0.755396110905935,0.00556857657562584
rf_positive_2_leaf4_depthnone,random_forest,dynamics_history,2,2016-11-19 13:31:17,2016-11-27 09:02:19,18616,2955,52,9.653510599993751,0.4099999999999998,0.990186125211506,0.7804878048780488,0.6153846153846154,0.6881720430107527,0.9818092689260447,0.7545848779175283,0.007998501317849857
rf_positive_2_leaf4_depthnone,random_forest,dynamics_history,3,2016-11-27 09:02:19,2016-12-08 12:25:24,21593,3676,89,12.376143400004366,0.3799999999999999,0.985582154515778,0.7142857142857143,0.6741573033707865,0.6936416184971098,0.9920843996579409,0.7783291539412364,0.010310218803748166
rf_positive_2_leaf4_depth12,random_forest,dynamics_history,1,2016-11-12 10:00:25,2016-11-19 13:31:17,15518,3072,42,8.091681000005337,0.44999999999999984,0.9934895833333334,0.75,0.7857142857142857,0.7674418604651163,0.9962831997485463,0.756872508795054,0.00556141914216061
rf_positive_2_leaf4_depth12,random_forest,dynamics_history,2,2016-11-19 13:31:17,2016-11-27 09:02:19,18616,2955,52,9.933971499995096,0.4099999999999998,0.990186125211506,0.7804878048780488,0.6153846153846154,0.6881720430107527,0.9810342086435783,0.748647584974797,0.008019039303830258
rf_positive_2_leaf4_depth12,random_forest,dynamics_history,3,2016-11-27 09:02:19,2016-12-08 12:25:24,21593,3676,89,11.97084989999712,0.22999999999999995,0.9812295973884657,0.5746268656716418,0.8651685393258427,0.6905829596412556,0.991990427354711,0.7778220964588981,0.010324747168876141
rf_positive_4_leaf1_depthnone,random_forest,dynamics_history,1,2016-11-12 10:00:25,2016-11-19 13:31:17,15518,3072,42,6.886867699999129,0.4199999999999998,0.994140625,0.7608695652173914,0.8333333333333334,0.7954545454545454,0.9965818010372466,0.749123381029174,0.005398098958333333
rf_positive_4_leaf1_depthnone,random_forest,dynamics_history,2,2016-11-19 13:31:17,2016-11-27 09:02:19,18616,2955,52,8.405826199988951,0.3799999999999999,0.9905245346869712,0.8,0.6153846153846154,0.6956521739130435,0.9919380481729775,0.7657190411809695,0.00780767918781726
rf_positive_4_leaf1_depthnone,random_forest,dynamics_history,3,2016-11-27 09:02:19,2016-12-08 12:25:24,21593,3676,89,10.700602199998684,0.3599999999999999,0.985038084874864,0.6770833333333334,0.7303370786516854,0.7027027027027027,0.9924759509213985,0.7728785782800051,0.01030061915125136
rf_positive_4_leaf1_depth12,random_forest,dynamics_history,1,2016-11-12 10:00:25,2016-11-19 13:31:17,15518,3072,42,7.205713000003016,0.3999999999999998,0.9938151041666666,0.7346938775510204,0.8571428571428571,0.7912087912087912,0.9965503693226465,0.7450935917867166,0.0054304309982045745
rf_positive_4_leaf1_depth12,random_forest,dynamics_history,2,2016-11-19 13:31:17,2016-11-27 09:02:19,18616,2955,52,9.184582200003206,0.4199999999999998,0.990186125211506,0.7948717948717948,0.5961538461538461,0.6813186813186813,0.9921665915896022,0.7661542718146835,0.007781416093612948
rf_positive_4_leaf1_depth12,random_forest,dynamics_history,3,2016-11-27 09:02:19,2016-12-08 12:25:24,21593,3676,89,12.399718999993638,0.2899999999999999,0.9834058759521219,0.6228070175438597,0.797752808988764,0.6995073891625616,0.9923945082585992,0.7724361784409132,0.010268599260250904
rf_positive_4_leaf2_depthnone,random_forest,dynamics_history,1,2016-11-12 10:00:25,2016-11-19 13:31:17,15518,3072,42,7.553389699998661,0.4999999999999998,0.9944661458333334,0.7777777777777778,0.8333333333333334,0.8045977011494253,0.9967546754675468,0.7657629258841937,0.005550777288914888
rf_positive_4_leaf2_depthnone,random_forest,dynamics_history,2,2016-11-19 13:31:17,2016-11-27 09:02:19,18616,2955,52,10.297551199997542,0.47999999999999976,0.9908629441624366,0.8571428571428571,0.5769230769230769,0.6896551724137931,0.9907092132806911,0.7680498424821549,0.0077350687892237535
rf_positive_4_leaf2_depthnone,random_forest,dynamics_history,3,2016-11-27 09:02:19,2016-12-08 12:25:24,21593,3676,89,12.989640700005111,0.3199999999999999,0.9834058759521219,0.6186440677966102,0.8202247191011236,0.7053140096618358,0.9922065636521396,0.7710894578989139,0.010285758448712146
rf_positive_4_leaf2_depth12,random_forest,dynamics_history,1,2016-11-12 10:00:25,2016-11-19 13:31:17,15518,3072,42,7.224464400002034,0.5099999999999998,0.9944661458333334,0.7906976744186046,0.8095238095238095,0.8,0.9966839541096968,0.7628607177184393,0.005592347052573152
rf_positive_4_leaf2_depth12,random_forest,dynamics_history,2,2016-11-19 13:31:17,2016-11-27 09:02:19,18616,2955,52,10.044925300011528,0.47999999999999976,0.9908629441624366,0.8571428571428571,0.5769230769230769,0.6896551724137931,0.9902918731285938,0.76782983155524,0.007728256546556692
rf_positive_4_leaf2_depth12,random_forest,dynamics_history,3,2016-11-27 09:02:19,2016-12-08 12:25:24,21593,3676,89,11.636222999994061,0.2899999999999999,0.9823177366702938,0.5952380952380952,0.8426966292134831,0.6976744186046512,0.9921157237590175,0.7684355450785884,0.01038533814370376
rf_positive_4_leaf4_depthnone,random_forest,dynamics_history,1,2016-11-12 10:00:25,2016-11-19 13:31:17,15518,3072,42,7.206091100000776,0.5599999999999997,0.994140625,0.7857142857142857,0.7857142857142857,0.7857142857142857,0.9964167845355965,0.763740591517954,0.00591230687499526
rf_positive_4_leaf4_depthnone,random_forest,dynamics_history,2,2016-11-19 13:31:17,2016-11-27 09:02:19,18616,2955,52,8.95044690000941,0.5299999999999998,0.9908629441624366,0.8571428571428571,0.5769230769230769,0.6896551724137931,0.9820278756723814,0.7666389415575425,0.007733856527290495
rf_positive_4_leaf4_depthnone,random_forest,dynamics_history,3,2016-11-27 09:02:19,2016-12-08 12:25:24,21593,3676,89,11.184261299989885,0.34999999999999987,0.9831338411316648,0.6115702479338843,0.8314606741573034,0.7047619047619048,0.9922786090846158,0.766132968653041,0.01052128082468274
rf_positive_4_leaf4_depth12,random_forest,dynamics_history,1,2016-11-12 10:00:25,2016-11-19 13:31:17,15518,3072,42,7.226016100001289,0.5599999999999997,0.994140625,0.7857142857142857,0.7857142857142857,0.7857142857142857,0.9963853528209964,0.7635270052174935,0.005939656172145885
rf_positive_4_leaf4_depth12,random_forest,dynamics_history,2,2016-11-19 13:31:17,2016-11-27 09:02:19,18616,2955,52,8.863992400001734,0.5399999999999998,0.9908629441624366,0.8571428571428571,0.5769230769230769,0.6896551724137931,0.9895201250695567,0.7660454451310712,0.007748364037018314
rf_positive_4_leaf4_depth12,random_forest,dynamics_history,3,2016-11-27 09:02:19,2016-12-08 12:25:24,21593,3676,89,11.60910299999523,0.34999999999999987,0.9828618063112078,0.6048387096774194,0.8426966292134831,0.704225352112676,0.9922222257026778,0.7638817852575596,0.010589774795597093
catboost_none,catboost,dynamics_history,1,2016-11-12 10:00:25,2016-11-19 13:31:17,15518,3072,42,11.901127999997698,0.23999999999999994,0.9944661458333334,0.7450980392156863,0.9047619047619048,0.8172043010752689,0.9972811566870973,0.8252113014927357,0.004991697828837484
catboost_none,catboost,dynamics_history,2,2016-11-19 13:31:17,2016-11-27 09:02:19,18616,2955,52,7.096529500006,0.19999999999999996,0.9905245346869712,0.74,0.7115384615384616,0.7254901960784313,0.9874665465433636,0.7862743366679211,0.008840756255114185
catboost_none,catboost,dynamics_history,3,2016-11-27 09:02:19,2016-12-08 12:25:24,21593,3676,89,22.5128446000017,0.21999999999999995,0.9866702937976061,0.7083333333333334,0.7640449438202247,0.7351351351351352,0.9930460495609928,0.8172830191021366,0.00997603718748445
catboost_positive_2,catboost,dynamics_history,1,2016-11-12 10:00:25,2016-11-19 13:31:17,15518,3072,42,9.204610000000685,0.3799999999999999,0.9934895833333334,0.72,0.8571428571428571,0.782608695652174,0.996958981612447,0.8198208837550056,0.005273958068454523
catboost_positive_2,catboost,dynamics_history,2,2016-11-19 13:31:17,2016-11-27 09:02:19,18616,2955,52,14.456156500003999,0.19999999999999996,0.9905245346869712,0.7068965517241379,0.7884615384615384,0.7454545454545455,0.9913087257214022,0.7956289248232106,0.007302765526696339
catboost_positive_2,catboost,dynamics_history,3,2016-11-27 09:02:19,2016-12-08 12:25:24,21593,3676,89,6.79736050000065,0.43999999999999984,0.9874863982589771,0.7721518987341772,0.6853932584269663,0.7261904761904762,0.9930773736620693,0.8042873987742652,0.01975276196840592
catboost_positive_4,catboost,dynamics_history,1,2016-11-12 10:00:25,2016-11-19 13:31:17,15518,3072,42,12.664805499996874,0.6599999999999997,0.9947916666666666,0.7954545454545454,0.8333333333333334,0.813953488372093,0.9969825553983971,0.822116311851027,0.005615354713789648
catboost_positive_4,catboost,dynamics_history,2,2016-11-19 13:31:17,2016-11-27 09:02:19,18616,2955,52,6.792748899999424,0.4199999999999998,0.9908629441624366,0.7551020408163265,0.7115384615384616,0.7326732673267327,0.9873870531810593,0.805323015732026,0.011595088210193836
catboost_positive_4,catboost,dynamics_history,3,2016-11-27 09:02:19,2016-12-08 12:25:24,21593,3676,89,11.438840599992545,0.46999999999999986,0.985854189336235,0.6728971962616822,0.8089887640449438,0.7346938775510204,0.9931556839147608,0.8065596739958459,0.010004889364608478
catboost_positive_8,catboost,dynamics_history,1,2016-11-12 10:00:25,2016-11-19 13:31:17,15518,3072,42,11.36835560000327,0.6699999999999997,0.994140625,0.7307692307692307,0.9047619047619048,0.8085106382978723,0.996864686468647,0.8043455030200635,0.006997642862269384
catboost_positive_8,catboost,dynamics_history,2,2016-11-19 13:31:17,2016-11-27 09:02:19,18616,2955,52,8.575515400007134,0.5799999999999997,0.9912013536379018,0.7708333333333334,0.7115384615384616,0.74,0.9888510559368293,0.8104647553967346,0.00881611191152359
catboost_positive_8,catboost,dynamics_history,3,2016-11-27 09:02:19,2016-12-08 12:25:24,21593,3676,89,8.757616600007168,0.6599999999999997,0.9869423286180631,0.7303370786516854,0.7303370786516854,0.7303370786516854,0.9927547354209802,0.7851919693265804,0.012225235207463419
catboost_auto_balanced,catboost,dynamics_history,1,2016-11-12 10:00:25,2016-11-19 13:31:17,15518,3072,42,16.43694859999232,0.8699999999999996,0.9925130208333334,0.6666666666666666,0.9047619047619048,0.7676767676767676,0.9968646864686469,0.8013983220706175,0.011158119822780012
catboost_auto_balanced,catboost,dynamics_history,2,2016-11-19 13:31:17,2016-11-27 09:02:19,18616,2955,52,13.723795999991125,0.8399999999999996,0.9895093062605753,0.7058823529411765,0.6923076923076923,0.6990291262135923,0.9905402898857946,0.7797927162344792,0.010841180244558903
catboost_auto_balanced,catboost,dynamics_history,3,2016-11-27 09:02:19,2016-12-08 12:25:24,21593,3676,89,17.220576100007747,0.8499999999999996,0.985310119695321,0.6548672566371682,0.8314606741573034,0.7326732673267327,0.9936913260431709,0.803986401205226,0.01776776265561751
